alaska-united_states,1.2288885803795375,1.223452362484499,1.2194399058546628,1.2102486358460471,1.1945075733168018,1.1818702845269542,1.1657441861564641,1.1473536404760636,1.1254260617588354,1.1096267486385476,1.0870529231037476,1.0665420543256352,1.0366956693135518,1.0152938552960638,0.9941816258434424,0.9691702682223188,0.9445800107397644,0.9206129155641912,0.8976122489141038,0.875910168924828,0.8529961530233439,0.8337227282940654,0.8171893976139274,0.8022115613055157,0.7874473690996819,0.772464241566186,0.7660064595026722,0.7557291980840994,0.7541884630291706,0.7500833546666513,0.7447751310518033,0.7449382322646121,0.7432422291395037,0.7424503673504217,0.7425476306994193,0.7386761596377075,0.7355819661026956,0.7367129749002271,0.7343665533221556,0.7368720185364641,0.7343043024278182,0.7376111339171372,0.7406139545389013,0.7398829083286598,0.7439601830743929,0.7408129764668142,0.7438326121955039,0.7425130450870222,0.7449598145729012
alabama-united_states,1.4526314656007926,1.4472386012533496,1.441865457862498,1.4294604041416683,1.4159117419820249,1.4009264733147728,1.383785282135002,1.3623788046752152,1.3444121197870065,1.3241478694814242,1.3001153856891934,1.2786000137458708,1.2569986634030397,1.2339407191129503,1.2072558275970582,1.180617232626472,1.1567466999565512,1.1307020092844362,1.104295314721132,1.077402333863356,1.0522695342657105,1.0249597942769422,1.0000203963356125,0.9735012954824483,0.9500074501868464,0.9285033935291436,0.9061900873197972,0.8842060491624181,0.8645323886150456,0.848808682420846,0.8320732774600985,0.8193702387980987,0.8079795363334961,0.7968156992627291,0.7887589152840279,0.7821216803216651,0.7780963691467636,0.7760648638669889,0.7794613766243206,0.7804775234601442,0.7850628771826864,0.7868565667436579,0.7886397358975322,0.7892634299908731,0.7896272601692705,0.7886112235347064,0.7857239012597739,0.7863719220136506,0.7883134038480235
arkansas-united_states,1.2636322748205675,1.2610278258005545,1.2562090319608763,1.2484084664455573,1.2437903270999402,1.2354235466249166,1.2253183818476188,1.2130033400042164,1.201835711654304,1.1906388415690838,1.178004638964306,1.1662417540335617,1.1518173427997414,1.1382942009596322,1.1253779655188578,1.1115450529119322,1.0991926346049146,1.0847238960789776,1.067400381310308,1.0526842874047295,1.039377473525391,1.0257159023781677,1.0108802850083969,0.9953878849812452,0.9838027721886536,0.9703628382074544,0.9587208377206948,0.9472906029828922,0.9366480222789538,0.9289380404673132,0.9192814416488104,0.9115464269990562,0.9031522000910532,0.8972443743475622,0.8901421305878141,0.8879351991765114,0.8849573646109112,0.882504976356161,0.8818194365786286,0.8815048262043415,0.8835079190105593,0.8849967857493382,0.8860041936707729,0.8885605319584863,0.8907098959699196,0.8914474292237513,0.8895783578147399,0.8892037251732087,0.8884575892926885
arizona-united_states,1.3600943365483085,1.3573749485112463,1.348802889687609,1.3407094068770165,1.3250696210509405,1.3105537866429091,1.2965359462907693,1.2808259547585388,1.2629634612070282,1.2439229209900755,1.2262760034841849,1.2091750735245854,1.189968508477657,1.1725799952436284,1.1527149829146008,1.1357227596192936,1.119025007392833,1.1022661365323168,1.087596512380172,1.0730592914117405,1.0594526744863426,1.046711362733482,1.0309108405666674,1.0182250173992158,1.004902423561931,0.9942485302652168,0.9839534348668996,0.972754518311266,0.963320415496834,0.9544771803443732,0.9462327981853637,0.9398087667324948,0.9322111190554968,0.925561442887718,0.9191375170353938,0.9143900539315788,0.9103262106622328,0.9060190905671092,0.9038789588209304,0.9027947288692796,0.9010114901060036,0.9015626496114152,0.9022475986256664,0.9023061629321424,0.903270126028692,0.9010149543035229,0.9048596106037841,0.9079121724485802,0.9069216629669284
california-united_states,1.436192057459949,1.4320656539773795,1.4254526816141602,1.4153926083307402,1.4041928872800455,1.3907541619208683,1.3759714753591852,1.3596894272648294,1.3442395563483187,1.3288737685979333,1.3128055859759222,1.2947301859501708,1.2758465691339669,1.2571644885453013,1.2367047957810906,1.2187642157498593,1.1979474964399333,1.1759239733513525,1.1559487469214638,1.1367568088564868,1.1152480758210357,1.0935061328370776,1.073640878963173,1.0532922798889903,1.0334125068799642,1.013382006644119,0.9932081619068416,0.9731012743881852,0.956521509899683,0.9400950406149312,0.922471375116808,0.9072886066710276,0.896308514543292,0.8833201456889985,0.8726597577463759,0.8652770165236793,0.8602635240702491,0.8570377137824171,0.8555065258097089,0.8557169451753778,0.8586143514506877,0.8578823124809501,0.8581518988431845,0.8587981548199168,0.8605060908580281,0.8602281096645908,0.8613294873909692,0.8613121877482778,0.8623015875081815
colorado-united_states,1.2520464557108009,1.2496479812762584,1.2451230168406509,1.2398669607216857,1.232877600435644,1.2253868710156484,1.216921795150984,1.2065956092805958,1.1968030808988417,1.1852891372687189,1.1743919497922028,1.1605456904968878,1.1482907481579356,1.1337087373947754,1.1206675574705118,1.1070786539909052,1.0933450211466238,1.0804464552568092,1.0647369548225465,1.0503772045253243,1.0368813226444515,1.0222358165909209,1.0099993554370863,0.9964498446393696,0.9850332816500712,0.9729630392570436,0.9636264040103076,0.9547476608777024,0.9437554318664484,0.934482304607664,0.9265945804931488,0.919775968564841,0.9146092455008972,0.9074507300402584,0.9013439644668199,0.8976495973093411,0.8954645972080197,0.8944318284982935,0.891848985492733,0.8901680521062321,0.8893001739892594,0.8885581521535559,0.8898834598632782,0.8894558505588557,0.8901031976856859,0.8876602418477944,0.8888384169176854,0.8885120675585197,0.8878907167996049
connecticut-united_states,1.5543827385236897,1.5503224325884897,1.5389046853236337,1.524734511720154,1.5076184402509871,1.487524889726921,1.4669623863711498,1.44244482089885,1.4166271055506832,1.3882651217698678,1.3602323519117,1.333201564193932,1.3042928159482057,1.2771585634070797,1.2463586755212803,1.2173606080338657,1.18735278115926,1.1564016368257406,1.1283009947437164,1.0992275848829196,1.0714678076354598,1.0427422407831453,1.0189002164259102,0.9952630937771364,0.9716584640203256,0.9483755556975204,0.9260096108039392,0.9022538589986449,0.8833747586252354,0.8677770884698309,0.8495879172163987,0.8373626864978413,0.8283771245627701,0.816124655942136,0.8063592865376497,0.7983591406317515,0.7971484368826081,0.7948982524389591,0.7962959381299699,0.8008733660285703,0.8062353972395532,0.8086619162014883,0.8089548106961124,0.8114526496240376,0.8123242585792326,0.8098602779380137,0.8114810973037381,0.8124990045968109,0.8119894780105871
district_of_columbia-united_states,1.2715510925060431,1.2685697086328211,1.264975047858898,1.2612409650481464,1.2559186821623525,1.2490331020759684,1.241017230697059,1.2337279030470245,1.2241516131687808,1.2122884007066272,1.2042099737023593,1.1936604623101308,1.1818119308557964,1.1704373678593842,1.1587936472096432,1.149436962101693,1.1350809692582189,1.1221912090200046,1.1087184780536927,1.0901759189924671,1.0783340490287532,1.06644311739456,1.05374393040526,1.0419466255837442,1.0306096255080202,1.0184358303630383,1.0077607775089352,0.9965494753049048,0.98564494737123,0.9777201285971808,0.9675493984864512,0.960955264874096,0.954301663000204,0.9493774527300296,0.9438903600507529,0.9404203842076452,0.9370126159565776,0.9334104641102052,0.9339574400802764,0.9322612770261134,0.9305266853590742,0.9298639397571226,0.931073814153691,0.9315926885267496,0.9326667525485259,0.9349168306525522,0.9351027885443602,0.9342982509314738,0.9329344810100122
delaware-united_states,1.336384097873366,1.3341832515220085,1.330356723419166,1.3263318707795186,1.3233502026106283,1.320068510300339,1.31276821873546,1.3070422436848883,1.2984289813898555,1.2916553059790592,1.2841312876890438,1.2752172545586715,1.2653288698217642,1.2553827590539857,1.244313858399709,1.2328274932759462,1.2210933605077725,1.2093590056835497,1.1954326628381942,1.1828006975250387,1.1682469985305317,1.1527611140126517,1.1409331327216046,1.1274166651476007,1.1130810121298305,1.1009777096868325,1.0872403759779683,1.0738644688782308,1.0616908000494605,1.04703092170573,1.0356920105283325,1.0243629624795365,1.0153992200709114,1.0063876089407504,0.9971584478602254,0.9889635908888676,0.9823373259017614,0.9759603735464488,0.9708027742643583,0.9689249517036524,0.9643159065538356,0.9617285636209748,0.9620158908625309,0.9612561973582388,0.9613797415067208,0.961247203984208,0.9603065316802852,0.9597634424301772,0.960541191792704
florida-united_states,1.3492934608017009,1.3370364014102514,1.3188128149062548,1.294288999356106,1.2670766417445865,1.2395454261127066,1.2074424330182805,1.1756501793373435,1.1444384488057042,1.1130915065321054,1.0840983178001649,1.0558100094180782,1.028430555675405,1.0037510676043164,0.979091426308374,0.9599182003598652,0.9422177877376466,0.9265696460553864,0.9149827298555228,0.9044892896306848,0.8959221584313466,0.8903422420097221,0.8829018085727133,0.8806071395706004,0.8793952383551347,0.8769003055289372,0.8773411923791106,0.8787238243214407,0.8775874208656445,0.8771102283568575,0.8781669450550819,0.8774689636861585,0.8789365388673821,0.8799571914943983,0.8821583564707309,0.8805996579958885,0.8833359038908203,0.8835130850495628,0.8843259996515053,0.8869023096604929,0.8869680858759459,0.8860776547053957,0.8865857220538141,0.8866960542162994,0.8854421635571091,0.8880514295832821,0.8891369972289103,0.8914035450597533,0.8917227029744803
georgia-united_states,1.4801136673472948,1.473452196445113,1.4601947286244763,1.4428261973948926,1.4223356787958519,1.3975201107148851,1.3740025425881779,1.3490765368918312,1.3225538516838702,1.2978385690394536,1.2708081441901775,1.2409969555222855,1.2116943561150215,1.1823671571680858,1.1550740572407452,1.127604360337742,1.0992477932470583,1.070626949980723,1.0417968749526678,1.0153999336255015,0.9891575002663624,0.9643296308580472,0.9397322955380588,0.9172727527599998,0.8953241336982437,0.8719584891879868,0.8517474999723412,0.8345738047316243,0.8182121600104456,0.8050294364415311,0.7896218257161278,0.7801118553296739,0.7736929795099903,0.7666299275105289,0.7621896078366494,0.7570371947164374,0.758005424915317,0.7591218367692357,0.7630662866996349,0.7686771909112841,0.7749145989169663,0.7788588885628787,0.7823304031228604,0.7856083605008881,0.7888471115219066,0.7913638941372174,0.7924698931199861,0.7928246016304413,0.7925217229373409
hawaii-united_states,1.0989643935109443,1.091807990545426,1.0841477250000051,1.0737526922129637,1.0656027115460398,1.0589600301868491,1.0497115892785558,1.0338775921752288,1.016668157222027,1.005632796168706,0.9978508270112516,0.9851548735584572,0.9735789925650552,0.9562595524382344,0.9483119469622378,0.9386139949174346,0.9238267896260672,0.9076103943866056,0.9030537729974436,0.8899380775761772,0.8787254520713921,0.8670778997237905,0.8650978303257627,0.8508368737689401,0.8421334493677877,0.8378422309248686,0.832839091919903,0.8255623519199741,0.8204642171391074,0.8215048844429673,0.8158424314040436,0.8123621507134738,0.8098819235369824,0.8080510746286527,0.8091932954716179,0.8071395041360954,0.8049918973988118,0.8013034004824212,0.7979506622442446,0.7987089068228701,0.7991953580682095,0.8010091985370072,0.7993824623280176,0.7933332445549256,0.7970715514105992,0.7974126135841191,0.7996141738600907,0.8003148463582052,0.7958071183349926
iowa-united_states,1.2910143316767977,1.288475076331721,1.2840391046862518,1.2805203459101795,1.2765722183010633,1.2744913651756693,1.2688030781333626,1.2658566942760852,1.2615612240870815,1.2556190179324251,1.2494635039492794,1.2428132589886611,1.2376336838175634,1.230939746959884,1.2255341642941973,1.2167501289783682,1.2068637548684031,1.1998684503477672,1.1901449223325364,1.1801939945333608,1.1700577164516728,1.158377391985706,1.1488485729948132,1.1395103581672144,1.1285053561176317,1.1191558338740601,1.109341912697686,1.0979850543704626,1.0876332802203044,1.0780695461612535,1.0694531350078391,1.0613774690343332,1.055415376027199,1.0470882979505067,1.039897215525011,1.0348577514746748,1.0294154603429002,1.0247325709615782,1.0191434585631023,1.0160000379100838,1.0140988553671022,1.0101148611501176,1.0069471252714497,1.0071864730477442,1.0064937307739936,1.0055102575002115,1.0047598598136056,1.0037490964310511,1.0048110941312505
idaho-united_states,1.5101946217478397,1.5037357096272872,1.4918941918923148,1.4768473568920006,1.4505880515074898,1.4285683062392274,1.4020220874253135,1.3720304260508631,1.3412487676638405,1.305968340488199,1.267868905770495,1.23159588611978,1.1950028647669628,1.1530990041030529,1.1131416460118169,1.0769438376367892,1.0390174757492945,1.0028123761220342,0.969218446200738,0.9346809437670764,0.9022405578180712,0.8728260427245776,0.8472707330013978,0.8315186955259846,0.8112040980401286,0.7952594106983909,0.7798120561891725,0.7666170659802312,0.7607817311476635,0.7526342311962151,0.7487856060467638,0.7490291768578506,0.7501027658616383,0.7491443338719953,0.7491901272530239,0.7513318612479964,0.7570715351152152,0.7623491324035253,0.7628195710819077,0.7669605843373555,0.7699806399959022,0.775217257806134,0.7773689239430575,0.7793156246841638,0.7844499079275699,0.7814568850152058,0.7816618034110371,0.7778339851934843,0.7758506254029538
illinois-united_states,1.4340140164965418,1.421127468141115,1.3983565480730649,1.3704154708977694,1.339789661043184,1.3049097420628668,1.26731730519164,1.2303155934361922,1.1945287769391302,1.1580070720103597,1.1244442950214102,1.0944457265289664,1.066218744633773,1.0397449612781855,1.018329895991104,0.9996597603819258,0.9833668023978565,0.9715099640852464,0.9621992559853026,0.9552744851514215,0.9510497812643804,0.9493895508521496,0.9495789506018456,0.9498084600237788,0.9515116371414212,0.9533401728061976,0.9550652316072418,0.9546409362181569,0.9537827396843226,0.9528371389742726,0.9496295672245828,0.9469091703523592,0.9421087647520172,0.9372108698781068,0.93226525821639,0.9252911857925732,0.9209559358413948,0.9152206051406724,0.9105651577518656,0.9058819951629646,0.9042662417135294,0.8998433748883744,0.8961165935726015,0.8930088183820906,0.891269852822413,0.8899422363266023,0.8866776296716324,0.8854839164976097,0.884124826950109
indiana-united_states,1.4077460801157229,1.4002346535505883,1.3830956923198547,1.3585489858605209,1.3327621904793838,1.3056831382023093,1.2750365505669985,1.2446626327991497,1.2083239747658474,1.174503219645415,1.1424209288323626,1.1092976844768707,1.078962663580188,1.0505865285639198,1.0218491067004078,1.000050982853829,0.9841439481492041,0.9715387369872199,0.9605304605034508,0.9564670668872556,0.9534936248481908,0.9530173766263916,0.9569936436353668,0.962583835026371,0.9704575002190984,0.9797955222981628,0.9875577723910749,0.9964878801072754,1.003667095340856,1.008702215348275,1.0126333822576887,1.0156059701420497,1.0183761138985052,1.01741847838579,1.011761302915638,1.0064576732664527,1.002431469761297,0.9981357789138396,0.9927961045238612,0.987959014931166,0.9844124946038302,0.9777986408595802,0.9740993733521914,0.9695608320448156,0.966842860569614,0.9640921243084624,0.9624611326914636,0.9637493188243792,0.9631827484581618
kansas-united_states,1.2186517570673412,1.2150511189725572,1.2122128768561555,1.2060355807974423,1.2005828493076036,1.1960892872737368,1.1891187071401976,1.1826647270888642,1.17162064601359,1.1655129193684628,1.158702160679166,1.149995519839463,1.142661125869759,1.1341875770031855,1.1263550482098854,1.1199529631915277,1.1137089891046907,1.106920504173481,1.1026205283265171,1.0963556826112295,1.0897702865038177,1.0834988884808947,1.0802898037176083,1.074083850522789,1.0728831511962706,1.068809241069569,1.0635908978288555,1.0601514291763998,1.0568898289334319,1.0538582266031409,1.0501347274815145,1.0483092709104769,1.0464747472966276,1.0444964931974816,1.0424665818984329,1.0373352653167365,1.0358341529524553,1.0345688476162131,1.0305945083235528,1.0310632642554096,1.028687205944472,1.027290525883592,1.0257240344154053,1.024797322191824,1.025177269441424,1.0238262390936743,1.025353518631725,1.0230479075569698,1.0205084473187065
kentucky-united_states,1.4113424087574598,1.4079315055886132,1.4059680483578296,1.4012710014134109,1.3933742782645462,1.3875470401718473,1.3747140407170295,1.3608299973257119,1.3488912362916272,1.3311985473844663,1.3147829784383271,1.2981171245257157,1.2816068507713532,1.26206145296124,1.2434545753257362,1.2223985835572582,1.200026250476173,1.1775708914605627,1.1537163218582904,1.1276535264228722,1.106699815646678,1.0850375042342373,1.0639849041683829,1.0421706869347989,1.022131659793603,0.9987997852974068,0.9790632967224688,0.9600378147993108,0.9436539406429948,0.9252946326338588,0.9081367119281536,0.8954364730812397,0.8824293103959813,0.8718733995496438,0.8600379370752329,0.8529630452015184,0.8479712201931076,0.8451125707269522,0.8437499471925417,0.8425224006849044,0.8450767122484778,0.8444845595438829,0.847313026343473,0.8477903708959095,0.8496596414247911,0.8486100922157841,0.8497668241960227,0.8486132639804966,0.8473847701041929
louisiana-united_states,1.367467824733488,1.3614989832916293,1.355342854734487,1.345355988817668,1.3311725145414235,1.3141198560332827,1.2989762299678171,1.279538582781152,1.260220210677104,1.241863897715925,1.2208380990598908,1.199769908774715,1.1773793921928402,1.1570835574590037,1.1357070346892997,1.1146299102477977,1.0936046099159058,1.0689578545347118,1.04835869793957,1.0250583222982266,1.0025644237423608,0.9804704586940928,0.9603098464853675,0.9385626826176452,0.918801680320055,0.8993547116735637,0.8811959881399107,0.8634441725810457,0.8457261130803971,0.8336058787101419,0.8204987989017599,0.8092594589700388,0.7994542712127859,0.7927340589993443,0.7858560869754713,0.7825240416541633,0.7809746766402899,0.7783721262963951,0.7810943859741781,0.7841139612212297,0.7871563176957741,0.7889240867265153,0.7897235972617033,0.7898251681876036,0.7895919135995999,0.7881577571287465,0.7924518331323814,0.7915094165282668,0.7924315815012671
massachusetts-united_states,1.4217227033795452,1.416776589012776,1.4079491886401998,1.3961982515928233,1.3827350481336071,1.3660284762358297,1.3488426397229607,1.3310420041594058,1.3102281781505425,1.2887871417016732,1.268965233879754,1.24930628007476,1.2277884055588364,1.2067832798431366,1.1859494823209005,1.1645833804546013,1.143510015189418,1.1220533739237188,1.0997994652731349,1.0778385153887178,1.057129719354105,1.0366727182719695,1.0199749064798875,1.0006018866013422,0.983703829528631,0.9664735019215912,0.9507653736982916,0.9339032448677366,0.9194429146272808,0.9059295718264982,0.8943185492079088,0.8835234143054848,0.8748211605395011,0.8652946665773471,0.8594288483378321,0.8544211890808984,0.8512099511030992,0.8491122230105861,0.8488157915788879,0.8515283044623395,0.8529233111730008,0.8530542158236627,0.8533328511074202,0.8572055372770325,0.8565077851613916,0.8569910278905397,0.8575726935766225,0.8587380121577836,0.8583391221471993
maryland-united_states,1.480592552387804,1.4760893523028629,1.4686671987371354,1.4544502827919994,1.4394948894253334,1.4231143226809193,1.4041666813634504,1.3821296601059267,1.3603504610984642,1.339300175605573,1.3169905484088351,1.2944935656756944,1.2692363542438383,1.2442758932813,1.2219867368957793,1.196616168160069,1.1734466610758,1.151488696780967,1.1298626925045727,1.1064867932590696,1.0871208491133972,1.066455044613034,1.0485101791522742,1.0317751954600372,1.0147137709636984,0.99920527198328,0.98423827399014,0.9694534966513748,0.956238046049619,0.9443285189746784,0.9336444088878164,0.9264223288195658,0.9176676075056809,0.9099864944156094,0.9041509729803224,0.8976788062335184,0.8950921939006891,0.8924182722942566,0.8920935185211212,0.8936528360499287,0.8941748665670836,0.8957712789219271,0.8961901613109619,0.8962686639150212,0.8958956491388728,0.8974249483539558,0.8979555506505317,0.8962450969503899,0.8974267011599066
maine-united_states,1.1638373047449806,1.163917575650054,1.1590407923643664,1.153714933085731,1.148144369124333,1.1417008699359856,1.1332339560034332,1.1262091445747215,1.1199850220467302,1.11477447277014,1.1059662305988809,1.0954811973914091,1.0850444645577926,1.0762267105289234,1.0639937502258705,1.0537095316882588,1.0423969864557694,1.032355013376597,1.0245960803339038,1.0173542186016569,1.0080228186734,0.9974571478186688,0.9918298647327858,0.983527267852629,0.9752784078590688,0.9705404018813174,0.9614572370543336,0.9561982747170436,0.9529036965682752,0.9466815578453022,0.9432100553397372,0.939433110428306,0.9349448060166908,0.9317488051364357,0.9290794953945616,0.9283101409035912,0.9278225517605252,0.9258740668179898,0.9243588628335478,0.9256294408302986,0.925917946464794,0.92286248287121,0.921592992667949,0.9210330598317844,0.9205591971922016,0.9210207289982636,0.923238764434166,0.9227720449843272,0.9263117330626736
michigan-united_states,1.1945436190917078,1.1880702923240578,1.1774152773059845,1.1675147762254452,1.1535713704051342,1.1377399908766317,1.121965487539269,1.1058353620514652,1.089134162824742,1.0701025714183314,1.0544421130270216,1.0375601275539372,1.0208270508233726,1.0044088747101745,0.9861674078674596,0.9706905068481834,0.9521234976554188,0.9365495247933672,0.9202978975171532,0.9053098472374556,0.8889057119110308,0.8744431866129833,0.8603006480944418,0.8469778462646707,0.8347806929274857,0.8223102540282998,0.8120891455115776,0.8022586077101693,0.794703968695305,0.7888798906584482,0.7817249812296188,0.7777649473379543,0.7754838542784588,0.7725499098380403,0.7705880422909632,0.7716153898215131,0.7737607466157673,0.774933718899657,0.7776578768990267,0.7819992944628704,0.7878337313869356,0.7916021004181647,0.7941848360028062,0.7957148113241886,0.7985339155981296,0.7991235811280925,0.8003331860148923,0.8002789568373426,0.7990956641555029
minnesota-united_states,1.1847296878834679,1.1843917354859341,1.1818682224066424,1.1785765157149737,1.1748856873897453,1.1724822260581549,1.1691373866518993,1.1648928953224726,1.1622822157841668,1.158993449244833,1.156151863951533,1.1528099068834583,1.1498144727219928,1.1463213097060376,1.141709853468594,1.138992790408009,1.134915103441812,1.1305722466690118,1.124398709608566,1.1195864762409082,1.1150483044794075,1.1103230434401121,1.105762296072749,1.1019425382125267,1.0965709243114947,1.0911939422598889,1.0849615487157336,1.0787103900645834,1.0764957618905495,1.0724925883661425,1.0683512764473295,1.064157109772807,1.0600938921573964,1.056358006773264,1.0538786940039535,1.050966974923755,1.046514970645006,1.043259421084183,1.0411639357123976,1.0393366309786338,1.0379206106420733,1.0373477163538407,1.036185057493239,1.0359816286603285,1.0356045668789404,1.035816896082571,1.037527662613397,1.0392266505440273,1.0390397110494185
missouri-united_states,1.4378333139585642,1.4345440214588396,1.4278291481249528,1.4192851707420155,1.4071691708438063,1.392781947819994,1.3732281520321148,1.3538768881432606,1.3342095650756407,1.3136611189949152,1.2914962317911522,1.271232735011098,1.2461909521506107,1.2228191139495854,1.1979084249626126,1.172656374687311,1.1465209069052242,1.1196084769176458,1.096722380905378,1.0692345617489418,1.0430417361981852,1.0180890273536225,0.9952375964749064,0.9689775384614768,0.9505738208914614,0.92938239714154,0.9090036235000988,0.8904078983276205,0.8718496349150876,0.8553797698079141,0.8397092655701611,0.82688817569748,0.8173409389953621,0.8093116474225229,0.8034235367466038,0.8004531447767479,0.7978917911964774,0.7934945268964351,0.7936093528605346,0.7963189059916759,0.7982805218974369,0.7987845513304246,0.8013886371723528,0.8030532437167539,0.8018295529669488,0.8031554841567449,0.8026179087321038,0.8054264687913635,0.8060738829700994
mississippi-united_states,1.4151703790276269,1.4122034835208537,1.4092546535952186,1.4021109080471592,1.3927147210810342,1.3802067264411395,1.3686498109637482,1.3578545568325573,1.343574637619803,1.3268347578398445,1.3118692867255046,1.2955642459893035,1.2779347418824878,1.25933461714404,1.23899218184351,1.219609054489374,1.1998248854822375,1.1814847209045458,1.1612320249576056,1.1392786707766482,1.118681600966864,1.100136110314235,1.0798054491221694,1.0606549155054106,1.0397608892775818,1.0203798853446746,1.0022612149338348,0.9841288207300712,0.9678675603106421,0.9531140063360948,0.9394077671374864,0.9259435318322784,0.913065422533165,0.9018985648569292,0.8937114832966768,0.8870804183152445,0.8823925816734798,0.8768837924019107,0.8757544651105509,0.8723611732311145,0.8733560326425992,0.8713559142071985,0.8717063075377387,0.8726092372061791,0.8729226780683179,0.8750197959029828,0.8754781315335045,0.8762966533430973,0.8757999293562121
montana-united_states,1.1105386334426188,1.1042417418546793,1.0996470962056926,1.091327737918427,1.084600448462682,1.0671035680621317,1.0565612053556526,1.0427793837410508,1.0255682412891427,1.0092341560978697,0.9933352166926248,0.9822617850863457,0.9672578693543028,0.9553113603133082,0.9357406939278804,0.9201391560788448,0.9068661761491252,0.8869271946732711,0.8694314420046293,0.8519795893670375,0.8474566016213696,0.8363576478031528,0.8284825077203868,0.8208513199572177,0.8068761949927532,0.8028732681574464,0.7947209476083889,0.7883675573454034,0.7888434087536451,0.7857406632567171,0.7861959187382365,0.7829624557292473,0.7784356462219048,0.7801907944335172,0.7816218038789455,0.7794810466918729,0.7755145441151685,0.7780101720199651,0.7782965766002108,0.7771782439403899,0.7816724779747364,0.7836178742928739,0.7798568800855162,0.7812003784403733,0.7784148314611001,0.7791375526447616,0.7729385409162185,0.7748270515005342,0.7694905067015401
north_carolina-united_states,1.3740545219234286,1.3711743533609024,1.3667189092907464,1.3597771542676982,1.3497317079854103,1.3374275893553207,1.3239983409885303,1.3102842466292663,1.2945650858634918,1.2771992890621178,1.2619585942505211,1.2456657290122883,1.2268950790065825,1.208040799749222,1.1875905527484796,1.1664872475748416,1.1464177158415605,1.125475107284733,1.1049582547462926,1.0848205146720542,1.0648798187299109,1.0451110810148845,1.0225606469934607,1.0038379826044916,0.9845500823735881,0.965484196186732,0.9493229204839382,0.9333188622492274,0.917494626438146,0.901851787595952,0.8854348595887117,0.8734662923653865,0.8634652549872126,0.8531763120136314,0.8459030882042841,0.8444083437483829,0.8401608830960001,0.8372959237764267,0.8369568827859721,0.8358870587872818,0.8377463397666732,0.8406346231289685,0.8419129727302074,0.841590563838605,0.8403152495723342,0.8407248798156874,0.8434675540863557,0.8441674540076498,0.8451956697771391
north_dakota-united_states,1.1725308638511207,1.1718553830981195,1.1681510499870988,1.1648894800153748,1.158036631479702,1.1485707412292834,1.1448623773321498,1.1384812311917814,1.1318683420746938,1.1266191637225038,1.118477024654031,1.109729697751063,1.1051198983425496,1.1044035640048389,1.0994783358599498,1.0977658994498354,1.0920852442807505,1.0934329669891356,1.0872364820604403,1.0844484418347005,1.075110474578585,1.0708473850749796,1.0624143400017647,1.0539699805061429,1.0419378331048978,1.0315773720995511,1.0196403579385378,1.0086726072804548,0.9984525847699836,0.9930378568023456,0.9807250398300681,0.9665796263232952,0.9545155026347584,0.9452758518515112,0.9321866650697012,0.92442463963347,0.9147951577891325,0.9118403918391014,0.9073335891444468,0.9015276442713608,0.8941635360156494,0.8902991372085012,0.8873486811838159,0.8844747462313804,0.8849101415605936,0.8869999946603787,0.8862793218395887,0.8849948545916448,0.8833650193827007
nebraska-united_states,1.236086981348668,1.2359144170395278,1.2341870486590645,1.2333895510876596,1.2333382734536065,1.2319283978456042,1.2315179965243088,1.2320243880095516,1.2322350770278945,1.229268502056181,1.2266101824877242,1.2236313873158302,1.2207176574633467,1.218500158915707,1.2156998828254482,1.213306420570201,1.2096272412599107,1.2064916261883798,1.2021218778944598,1.1998393672380296,1.1966021053365528,1.1921913726147375,1.1875590248702634,1.18201933455831,1.1771331514260592,1.1694376287873387,1.164684019027957,1.156596038132603,1.1511575209102145,1.1448400770516307,1.1378638459063826,1.1335282033867558,1.1293659389368245,1.1228593545908172,1.1169396108330525,1.111669284987303,1.1076468149393213,1.1033051200951638,1.1006193084503226,1.0972291836743029,1.0930131140573405,1.0895081172400591,1.0898469135677504,1.0896065099737786,1.0870451218544035,1.0859962279758688,1.0867831349724626,1.086703619549308,1.0861298197262232
new_hampshire-united_states,1.166581899783021,1.1663233936188595,1.1645789379200184,1.160782266130033,1.1580513558315302,1.153809657336304,1.1523716355459797,1.1519094600519315,1.148458510554547,1.1453236291710165,1.141490701541794,1.1379163722333687,1.1344578725742174,1.1268227727913636,1.122723095397418,1.1181483256896598,1.112879867331518,1.1069638679392857,1.1016104433236815,1.0957259089772409,1.0917766058445308,1.0842577257195805,1.0788932973260217,1.0723837882749212,1.0666683188505215,1.0609610980692228,1.0542289783939989,1.0486606933700957,1.0444334608816552,1.0408211864631525,1.0355927073952291,1.030806808682227,1.0263974620524758,1.022587596358436,1.0211897843888245,1.0189409122499955,1.0142999102119925,1.0134482335015598,1.0132031881589234,1.0129551079085346,1.0117228445183504,1.0108898644006306,1.0106314050698884,1.0101399882346744,1.0095266968039094,1.009272471436792,1.0096653167037457,1.009763098259665,1.009208101496186
new_jersey-united_states,1.4083005612980242,1.3916857434671066,1.3662689015876837,1.3349028792151012,1.2978290816100866,1.2608945497839597,1.2213996357929169,1.184856790861439,1.149537768409732,1.1166506825671203,1.0875605279290441,1.0607079593089621,1.0387836805231951,1.018101674105147,1.0017225030504495,0.9899557147057416,0.981898923481416,0.97576043280207,0.9722819150028224,0.9707594723758648,0.969087070919158,0.9705177449588256,0.9712359865167526,0.9718705882717896,0.9730186714203898,0.971095974283974,0.966797565136044,0.9620888776672236,0.9542453005812628,0.9447802092983548,0.9345170575197288,0.9216644024838896,0.9109236193152082,0.8984885851260629,0.8849022024502569,0.8720940980466958,0.8608374481241059,0.8488471720668227,0.8407885647683201,0.8351911926274799,0.8312930151740204,0.8249603470796143,0.8195823877475901,0.8157573878130843,0.8152788390079417,0.8139178870057608,0.8135537467071972,0.8133455979812825,0.8137024704263036
new_mexico-united_states,1.3426891801761376,1.3401208698881923,1.3390782087333246,1.334303933749086,1.3287026192909237,1.3231012508862965,1.314923351289291,1.306503938209142,1.2978672086001504,1.2879815852965135,1.2744204172846496,1.2619547957533914,1.2497080863721317,1.2344220826077514,1.219520867125973,1.2054793555661223,1.1913736034743272,1.174737062551472,1.1560823784212522,1.138830356347867,1.1209523832370738,1.1029448194031066,1.087474410465439,1.0688588108873112,1.0514764973580872,1.0346966199806686,1.0189982272499905,1.0024870331673503,0.9875194398908018,0.9715996321585086,0.9621446542587009,0.9521444268514874,0.9411089898824051,0.9288175265959968,0.9209006980812084,0.9129005386662022,0.907774521981567,0.9027140116303879,0.9015415145363276,0.8981265295652124,0.8946776971765596,0.8962844384584713,0.8943242540800043,0.8910737447247215,0.8922565528410487,0.8908527488121097,0.8918247925171314,0.8906016578126112,0.8911603729855451
nevada-united_states,1.165558348690898,1.1605968883775255,1.1594907513291792,1.1557748458224688,1.1482853780451687,1.1417587522238468,1.1355416210662008,1.1290225880142648,1.1215739117610417,1.1141371226369827,1.1055092061542262,1.0973354212706292,1.0907206464149697,1.0817192357304213,1.0725733415276697,1.0653767304679809,1.0565358610161566,1.047870347997097,1.0417769062857842,1.0336659704428521,1.0243796717833455,1.0133161070486296,1.0070626950372823,1.0010704272522517,0.9939367694492824,0.9880465230408256,0.982869606075187,0.9761930529932452,0.9708673429838904,0.9642719927617388,0.9587203062706664,0.9544031002405071,0.952481853513948,0.9514469026369524,0.9478329017086551,0.9462001678270544,0.9443262027649584,0.9429529702133496,0.941343276500954,0.9395505107653538,0.9418554293016156,0.942518296103198,0.9417255741423188,0.9419540212297156,0.9416520022749104,0.941269877368304,0.9418939554745732,0.9420543535186326,0.9412726868619826
new_york-united_states,1.420069220372982,1.3975138496712949,1.3669738571791108,1.3333744896959243,1.2944659264468057,1.2565430522320489,1.218621386658577,1.1811086103933068,1.1437442961673494,1.1092085702849364,1.076392029560429,1.0436767799460065,1.0143594342413815,0.9856085701234829,0.9606313440988292,0.9392441430197432,0.9178816941320392,0.8994965344217538,0.8845605086849027,0.8719179561682834,0.8605910613064606,0.8524619753002121,0.8466029705532898,0.8441151438056806,0.8412796681206091,0.8385949085003723,0.8354868681452967,0.8329193785027155,0.8319797970884006,0.8319813581565049,0.8288210037755157,0.8268073610924774,0.8286278674881821,0.824786642167082,0.8234223570567626,0.8202239631276883,0.8204555173405366,0.8219372292718528,0.8230166371595282,0.8278784508660469,0.8321064441366235,0.8325252769287965,0.8300307074070921,0.8329083494515235,0.8338196071664463,0.8346130990337639,0.8354788461119536,0.8367885338212098,0.8362794412327118
ohio-united_states,1.4465843386684312,1.4398926428480856,1.431126677900976,1.4211551731087508,1.4076288377373951,1.394755396528086,1.3773868562979774,1.3610880489266517,1.3419612122990678,1.3225041193785056,1.3027024274332877,1.280426543601196,1.258958485970643,1.2379759049987322,1.2164439904881532,1.1947089935961142,1.1711719329199537,1.1484236595834143,1.123311615337127,1.1003763714268542,1.078920179448932,1.0549394393381804,1.0338409631452945,1.0104314996703214,0.9881256846850068,0.9681470670916792,0.9487300378414156,0.9274293164836436,0.909577055277708,0.8931764547200698,0.8788515870175406,0.8659661927336351,0.8537975650667815,0.843402578834313,0.8355679759891806,0.8274425930438364,0.8224047980993195,0.8198521119718744,0.8206337450673389,0.8216050840858207,0.8238591447135664,0.8231964519161887,0.8235674429397885,0.8243396571751793,0.8274049156470719,0.8278096417614029,0.8289107912253024,0.8288061337512681,0.8298833457987588
oklahoma-united_states,1.4377704663869224,1.4314184876785283,1.4204134954992529,1.4077082011481497,1.3904258089966908,1.3668781666157557,1.3423688642321614,1.3151207819085644,1.2885618762723765,1.257061828662426,1.227066859365057,1.1979456841174814,1.1688059304746001,1.1368341280665129,1.106329875890386,1.0784351501496647,1.0501728062994216,1.0271160508474415,1.0032628309810077,0.9800421987118092,0.9609737122520778,0.9462948150177553,0.9339101169483082,0.9232457307905042,0.9123881622635086,0.9069080349783688,0.9030492460843283,0.8966800913626677,0.8955257261710563,0.8946959355424435,0.8947446671804736,0.8942547874186894,0.8923762164999564,0.8943735924935183,0.8956017279044304,0.896390071354336,0.8997159176755971,0.8990982089044391,0.9014266252211056,0.9042340105682306,0.9062213530286938,0.9076799592435858,0.909915850763334,0.9120323840781229,0.914793256616077,0.9151420310033151,0.9158025332595058,0.9141319459451532,0.9153689341844616
oregon-united_states,1.1335620749077422,1.1303341834565521,1.124430960249304,1.1250770243182393,1.118645063769278,1.1098032476714392,1.1039364259551778,1.0955443190220022,1.0869547415361294,1.0793920490831554,1.07312065842171,1.0617659608244872,1.0517677284510272,1.0411308949877411,1.0294511513261029,1.0217353826439672,1.0119022329479253,1.002172709023619,0.9927681073033484,0.9799486985006468,0.9689449978079054,0.9591022634673102,0.9499407590730528,0.9451432600676916,0.93536708820234,0.9290704088392456,0.92231309117308,0.9161729863867719,0.9094603980041288,0.902839313291408,0.9002969441787848,0.8955183474586297,0.8939329124618673,0.8916445845865264,0.8894107125018762,0.8878973729502151,0.8900454060265441,0.889540596005297,0.8874472721921456,0.8861906265888148,0.8879520530325307,0.8889696645091311,0.8918739125563772,0.8941906694553787,0.8973386170192417,0.8948102656633393,0.8959740822836162,0.8924385449306644,0.8920234116696509
pennsylvania-united_states,1.3541110565275507,1.3495846875405448,1.3432372895789564,1.3345762217346846,1.3236176633667258,1.3111007501991028,1.2989223526407547,1.2847963409492231,1.267499393615109,1.2514526364617384,1.233712879858979,1.2169736218851606,1.2002421087587205,1.18342014839436,1.1669519359856821,1.152670775719694,1.1371194108728666,1.1202228687887723,1.1038362171197844,1.0888745598315317,1.0752113518565702,1.0601128736725989,1.0467940393679085,1.0340575923002602,1.0234016529664018,1.0088141802253017,0.9968172302739242,0.98593509855296,0.9764969428946404,0.9665347240249884,0.9577406490764241,0.9495318500129298,0.9424181844653571,0.9358152324443532,0.9302450772210898,0.925345605811608,0.9211552437550148,0.9175574476598076,0.917340923781678,0.9146934133264822,0.9140469199145784,0.9141666759133298,0.9158085211857444,0.9164071390618932,0.91532676304156,0.9150262007278904,0.9140419262490336,0.915069863639374,0.9147838014666272
rhode_island-united_states,1.4132467807879434,1.4106938442105026,1.405579040731083,1.3966068149810018,1.3867601252282722,1.3760981683845661,1.3632103918932057,1.349092638818746,1.3330286295611269,1.3170571085382898,1.296172796584098,1.2740579046054632,1.2546625438823,1.2350255975704134,1.214294906996821,1.1916927443837468,1.1682958402432295,1.14214619403833,1.1174816782704828,1.0925799782341077,1.0701165554362304,1.047514328204695,1.0224043868138126,1.0008341546461592,0.9793031431585328,0.9561991471219924,0.9345891305324446,0.914818523885194,0.8968984388415346,0.8799674507820049,0.8657254159120481,0.8507065017128829,0.8384149759004809,0.8289370336007827,0.8206530001637065,0.8139340190087851,0.8135914597690279,0.8115247811338384,0.8072245930807488,0.809028284366598,0.8087651872735769,0.8073093239716755,0.8078914352200632,0.8075022666285986,0.8079745561547205,0.8103999867764683,0.8135489358594642,0.8150784910265659,0.8143324780651987
south_carolina-united_states,1.4074475336669368,1.4043640089518985,1.3948343011149449,1.3835216109095805,1.3735133089052889,1.3605927845812995,1.3447745045394095,1.328872045106618,1.3105523473097325,1.2917939282191069,1.2737683657551129,1.2513989412350794,1.2282288093426057,1.204920815973761,1.182656749270817,1.1621883532930022,1.1381775242547938,1.1140572667219577,1.0928006390007354,1.0693258654629825,1.0454264212950766,1.0243224744734565,1.0036251926047803,0.9802223229510398,0.9606724798267424,0.9403618967923812,0.9210035385792316,0.9017418506482926,0.886479396323148,0.8730729346569094,0.8597719074931098,0.8481562820787801,0.8363216330863121,0.8263244643165985,0.8199915774301259,0.8161301642821422,0.8148274403260178,0.8130511153375528,0.8131732032693263,0.8144327476316285,0.8159654893874839,0.8166263374155315,0.8188757817348689,0.8192180435911962,0.8188534947868076,0.8196216253859602,0.8203811020275823,0.8196475626638782,0.8177063768147638
south_dakota-united_states,1.2939631328610195,1.2915192446761474,1.291139470239847,1.2877588879923407,1.2874289371992116,1.2862061229040167,1.2843354201743504,1.2814935150293087,1.2765790327509627,1.2714170790218238,1.2665820143736377,1.260978258560279,1.2544715335224117,1.2488386700373613,1.2423246822152212,1.2346030677187565,1.2241264178092928,1.2147002253372372,1.2063125288311298,1.1947432016152768,1.184546286894309,1.176387115406048,1.1667158589744944,1.159523450421297,1.1500069397941686,1.1365827091077283,1.1246241515884772,1.114287276964089,1.1041711417744622,1.0945564233803826,1.084827781201819,1.0753119037348813,1.065199632717836,1.058070501690024,1.0532172164464773,1.0441010506485324,1.0367304978842222,1.0299749679260333,1.0258911859950135,1.0193799099900365,1.017398534933086,1.0159504839669873,1.013613335277052,1.0128941258705,1.0106173931244011,1.0076831274374107,1.0094810372588665,1.0110346813313211,1.0108473488383545
tennessee-united_states,1.349767400637391,1.3422815976987843,1.3315282759920388,1.3155951258811045,1.295324464617138,1.2727966312522925,1.247549993077438,1.2219915973283744,1.1958545040067037,1.1715961160919919,1.1464064244162622,1.1219822859949735,1.0967236626026946,1.072588136897787,1.0481318119046021,1.0255903909563469,1.006709593428102,0.987238700659453,0.9718222631617552,0.9571818004496708,0.9425349126568636,0.9299370234984391,0.9212938001676844,0.9103796569532916,0.9021144508266856,0.8942147169988786,0.8879287607012438,0.8811057738090744,0.8771123679687083,0.8749959224776106,0.8708766598921487,0.8683844772540019,0.8669110245677052,0.8666970548623436,0.8677089560782738,0.8692224148263411,0.8696546797484728,0.8710207847476777,0.871744047282874,0.8746784935157943,0.8780741280043487,0.8779507104985589,0.8771238845750329,0.8783833339024489,0.8779041255791996,0.8779242681060644,0.8788830637848075,0.8791797022674379,0.8778740009849532
texas-united_states,1.456061587484054,1.449650324759589,1.4402217383189582,1.4253719875465518,1.4084036153605168,1.3905939442213886,1.3707659986734646,1.3479832010250838,1.3242307207184063,1.2972180467609598,1.2716790638410886,1.2440822389435535,1.2173873962466617,1.1902464798733834,1.160772399997977,1.1317846908707638,1.1037948791913217,1.0738759441131671,1.0457409962005484,1.0182752027597088,0.9902979924365678,0.9647867277242079,0.9392300289857765,0.9136978265382224,0.88983964568661,0.8646653889887155,0.8435312664422802,0.8207664264008894,0.8016767737452629,0.7839974550206465,0.7683623252325416,0.756453279967966,0.7466718986445148,0.736674629715082,0.7301466273177236,0.7288239021348061,0.7287881099394138,0.7308182159698815,0.7342094766129981,0.7408792108301907,0.7439187821400342,0.7476232107964098,0.751391361558399,0.7555784158750972,0.7565670049913498,0.7599367360771295,0.7596241258610132,0.7594672622617702,0.7603117118382192
utah-united_states,1.1428771361047014,1.1343114755025434,1.1302429141185422,1.1262780576143878,1.121500757552426,1.1145267398678385,1.1080634234026374,1.1003427749965675,1.0928382395706957,1.0839398277253367,1.074441289403056,1.0668520894618765,1.057003324298627,1.0471181296099268,1.0412273152725011,1.030153162969775,1.0208539684199818,1.0117886437272563,1.0020841266946825,0.9955776696382816,0.9901073197749144,0.9848417103420649,0.977532115027918,0.9704149571841576,0.9636395733855336,0.957180268339482,0.9527601210545616,0.9488984016605532,0.94363363317059,0.9415175065139676,0.9375705161133328,0.9330318504224894,0.9317426401966702,0.9302870581721412,0.9293513025441182,0.9276842232435832,0.9285858717353666,0.9291048776291324,0.9273172898054642,0.9280742433735412,0.9276007475457676,0.9279749039680104,0.9282014401692836,0.9265175900422468,0.9285870499819466,0.9302006217864756,0.930280294193934,0.9320651518897816,0.9323550174188788
virginia-united_states,1.4797894101941114,1.4751563793348297,1.4692608280020425,1.458962141689806,1.449667347389285,1.4380860248127605,1.4249039082403898,1.4097222387408763,1.3918699590065258,1.374589621996443,1.3549845431744851,1.3376083599334228,1.3167476706028374,1.2959512924331138,1.2748186134192834,1.2531290148641483,1.231094052644876,1.209167894945944,1.1856773095370403,1.163273181235127,1.1406323745336635,1.1164640727091866,1.091786301978367,1.0710054201256587,1.049532496762951,1.0275323647598316,1.006231629887737,0.9867242839065424,0.9665910960543675,0.9482368786489122,0.9311991057439236,0.9138198768672195,0.9005519429760932,0.8893775816385814,0.8790935562324924,0.8701626054145836,0.8645049721835988,0.8601744840582612,0.8570593076465202,0.8564554710762032,0.8573009175179378,0.8554616919512271,0.8536062558686629,0.8547777025497875,0.854650280941868,0.8520753835199709,0.8521719392462824,0.8530057240411988,0.8541275314262282
vermont-united_states,1.2367830243561129,1.2299190903595838,1.2141292231723388,1.201730920477558,1.1791093397725338,1.1586531632359591,1.1365616879095988,1.1125522874869078,1.0841241506955608,1.0590403544621538,1.032399594516889,1.0073681353649422,0.9820847216520496,0.9496587615035378,0.9239404019495951,0.8991723919792487,0.8746127041855629,0.851667037697663,0.8356796654425391,0.8151512207192736,0.8017933424125625,0.7889380449781116,0.771735885013197,0.7664528038179002,0.7580076397681671,0.7501574173278873,0.7420996905239586,0.7359673981294613,0.7376812658002908,0.7329415345752786,0.7338209879903205,0.7328789511090731,0.7378712020453331,0.7376511011396987,0.7376550778393157,0.7443255056435977,0.7510376771993645,0.7547441415258485,0.7542182630941283,0.7588265691413262,0.7613761820264708,0.7642714720349487,0.7684871712390163,0.7697152656236831,0.7720031891065151,0.7708140784413866,0.7706097074078943,0.7691390983412563,0.7663371633531371
washington-united_states,1.0704777274480977,1.0668575827200135,1.06443318270073,1.0594035889501403,1.0570288493070763,1.052766348310171,1.04817328429337,1.044126583345902,1.038606156315942,1.0349152452981614,1.0297907955039507,1.0244442524783164,1.018881504303628,1.0128894695117283,1.0083009574176018,1.0032994692986246,0.9975674136994171,0.9918365954157082,0.9859706419858838,0.979962679183822,0.9719423551949232,0.9665528921757436,0.9608889607961774,0.9555535708720521,0.9510697999160512,0.9460146873844943,0.9424612795687708,0.939091861099024,0.9354547282790338,0.932935622216453,0.9314624999715888,0.9299685194589928,0.9269834604609609,0.9252093064167662,0.9223552350269868,0.9211038003616124,0.9210607219104704,0.9220460871880686,0.921823660135204,0.9210581884192788,0.92042993642055,0.919819168460012,0.919019688243778,0.9175428031541972,0.9176390697459992,0.918112507095035,0.9197433368017154,0.9194720044020857,0.9177277194720832
wisconsin-united_states,1.1284412062678206,1.1265928139133017,1.1223944002230943,1.1191756694619477,1.115554389078688,1.1119216942314425,1.1080087945677073,1.1033601893310556,1.097496615730267,1.0918283658789674,1.08881542921363,1.0850093724425935,1.080901120914389,1.0754653880505067,1.0681200752700168,1.0631978157973905,1.0587335684784474,1.051825697873668,1.0478023405221115,1.0438307823798447,1.0384220348560176,1.0350629610014408,1.030985900295124,1.027736069885158,1.0249761010891572,1.0224852381582965,1.0203378918010078,1.01626561592194,1.0142114673148896,1.0121369582648716,1.0097292425457618,1.0087054144247478,1.0058841932831943,1.0046798542089626,1.00478864881624,1.0031103425284165,1.003799243502277,1.0035276064948668,1.0012548567580128,1.0013614036172018,0.9999650966921638,0.9989546657430672,0.9986471756594699,0.998748967523372,0.9997406720823194,0.9993245381814612,1.0002785132823029,1.003893420781328,1.0049913131211112
west_virginia-united_states,1.4202769741448704,1.4214939265940512,1.4132672797206252,1.4054945295997054,1.3964849187230148,1.3849445090881785,1.3706361807732974,1.3520254782050418,1.3328389673584409,1.3133938079872007,1.2870339172767418,1.2608706628756,1.2348307577032558,1.210034688861194,1.18476960132543,1.1559761920371332,1.1292348867384392,1.0992348372421261,1.0693249909050906,1.0396212048487852,1.0066837382946516,0.9783427488429108,0.9493304492189966,0.9234104765823696,0.896683890381557,0.8737063482209978,0.8479424025432214,0.8291299810757574,0.810779872504153,0.7941681016477633,0.7831099687634401,0.7717480633763161,0.7639836795503294,0.7557331046328954,0.7505585695911751,0.7494926286692721,0.744875417674758,0.7415645484915849,0.7413966218750175,0.7400683478523606,0.7408656951228653,0.7425799285556429,0.7392532132109014,0.7395652526408278,0.7375600000382749,0.7358032240789861,0.7356932627358109,0.7347563216645829,0.7352640431004621
wyoming-united_states,1.0837604711463351,1.0818708243639978,1.0793114776218036,1.077233697238486,1.074301433055654,1.072311962701073,1.069052046872805,1.0682216824801516,1.064618896455843,1.0611921109248512,1.0583369397678688,1.059642328752714,1.056734039703914,1.0535320417808898,1.0517093306394445,1.0524618527578422,1.0489005863180678,1.0482579046705771,1.0458404608907008,1.0422447225247378,1.0394654500194092,1.0408546091625823,1.0389417632213824,1.0351109127603717,1.0349244509060362,1.0329405225178014,1.030148816517176,1.0312204142707728,1.0273474072585906,1.024595926505525,1.02133841304483,1.020234632094122,1.019956493522156,1.0169420673786638,1.015116945728637,1.0142242981363834,1.0145258901512344,1.0151479699708503,1.0123908811761575,1.0119892723027497,1.0111901595146393,1.011862849435277,1.009487500994621,1.0103531598476123,1.0092944593597963,1.0098017829482808,1.0090125368740537,1.0060292844335108,1.0040729789610112
